ts,scope,name,cpu_percent,cpu_cores,mem_used_bytes,mem_limit_bytes,mem_percent,pids,host_mem_total_bytes,host_mem_available_bytes,host_swap_total_bytes,host_swap_free_bytes,disk_free_bytes
1783703731.5808187,docker,osemosys-api-1,85.56,0.8556,233832448,16739635036,1.4,16,,,,,155922001920
1783703731.5808187,docker,osemosys-db-1,2.85,0.0285,45875200,16739635036,0.27,7,,,,,155922001920
1783703731.5808187,docker,osemosys-redis-1,0.29,0.0029,9600761,16739635036,0.06,6,,,,,155922001920
1783703734.240804,docker,osemosys-api-1,98.5,0.985,235090739,16739635036,1.4,14,,,,,155921887232
1783703734.240804,docker,osemosys-db-1,0.0,0.0,45875200,16739635036,0.27,7,,,,,155921887232
1783703734.240804,docker,osemosys-redis-1,0.26,0.0026,9600761,16739635036,0.06,6,,,,,155921887232
1783703736.2267392,docker,osemosys-api-1,95.37,0.9537,240962764,16739635036,1.44,14,,,,,155922030592
1783703736.2267392,docker,osemosys-db-1,0.01,0.0001,45875200,16739635036,0.27,7,,,,,155922030592
1783703736.2267392,docker,osemosys-redis-1,0.27,0.0027,9604956,16739635036,0.06,6,,,,,155922030592
1783703738.2423582,docker,osemosys-api-1,97.87,0.9787,247044505,16739635036,1.48,14,,,,,155921879040
1783703738.2423582,docker,osemosys-db-1,0.52,0.0052,46032486,16739635036,0.28,7,,,,,155921879040
1783703738.2423582,docker,osemosys-redis-1,0.27,0.0027,9604956,16739635036,0.06,6,,,,,155921879040
1783703740.2226443,docker,osemosys-api-1,99.02,0.9902,254489395,16739635036,1.52,14,,,,,155921879040
1783703740.2226443,docker,osemosys-db-1,0.0,0.0,46032486,16739635036,0.28,7,,,,,155921879040
1783703740.2226443,docker,osemosys-redis-1,0.26,0.0026,9600761,16739635036,0.06,6,,,,,155921879040
1783703742.2059984,docker,osemosys-api-1,102.0,1.02,261200281,16739635036,1.56,14,,,,,155921948672
1783703742.2059984,docker,osemosys-db-1,3.24,0.032400000000000005,46273658,16739635036,0.28,7,,,,,155921948672
1783703742.2059984,docker,osemosys-redis-1,0.26,0.0026,9604956,16739635036,0.06,6,,,,,155921948672
1783703744.248248,docker,osemosys-api-1,99.99,0.9998999999999999,270637465,16739635036,1.62,14,,,,,155921715200
1783703744.248248,docker,osemosys-db-1,0.0,0.0,46210744,16739635036,0.28,7,,,,,155921715200
1783703744.248248,docker,osemosys-redis-1,0.26,0.0026,9600761,16739635036,0.06,6,,,,,155921715200
1783703746.3388474,docker,osemosys-api-1,100.46,1.0046,342569779,16739635036,2.05,14,,,,,155921715200
1783703746.3388474,docker,osemosys-db-1,0.0,0.0,45980057,16739635036,0.27,7,,,,,155921715200
1783703746.3388474,docker,osemosys-redis-1,0.26,0.0026,9600761,16739635036,0.06,6,,,,,155921715200
1783703748.3970265,docker,osemosys-api-1,123.55,1.2355,275985203,16739635036,1.65,14,,,,,155921653760
1783703748.3970265,docker,osemosys-db-1,0.0,0.0,45948600,16739635036,0.27,7,,,,,155921653760
1783703748.3970265,docker,osemosys-redis-1,0.28,0.0028000000000000004,9609150,16739635036,0.06,6,,,,,155921653760
1783703750.402062,docker,osemosys-api-1,99.45,0.9945,275985203,16739635036,1.65,14,,,,,155921653760
1783703750.402062,docker,osemosys-db-1,0.0,0.0,45948600,16739635036,0.27,7,,,,,155921653760
1783703750.402062,docker,osemosys-redis-1,0.27,0.0027,9609150,16739635036,0.06,6,,,,,155921653760
1783703752.4053974,docker,osemosys-api-1,99.05,0.9904999999999999,275146342,16739635036,1.64,14,,,,,155921149952
1783703752.4053974,docker,osemosys-db-1,3.61,0.0361,46588231,16739635036,0.28,7,,,,,155921149952
1783703752.4053974,docker,osemosys-redis-1,0.3,0.003,9613344,16739635036,0.06,6,,,,,155921149952
1783703754.4052422,docker,osemosys-api-1,98.7,0.987,282276659,16739635036,1.69,14,,,,,155920965632
1783703754.4052422,docker,osemosys-db-1,0.0,0.0,46357544,16739635036,0.28,7,,,,,155920965632
1783703754.4052422,docker,osemosys-redis-1,0.29,0.0029,9482272,16739635036,0.06,6,,,,,155920965632
1783703756.421162,docker,osemosys-api-1,99.14,0.9914000000000001,282800947,16739635036,1.69,14,,,,,155923369984
1783703756.421162,docker,osemosys-db-1,0.0,0.0,46368030,16739635036,0.28,7,,,,,155923369984
1783703756.421162,docker,osemosys-redis-1,0.33,0.0033,9744416,16739635036,0.06,6,,,,,155923369984
1783703758.4088912,docker,osemosys-api-1,98.54,0.9854,282800947,16739635036,1.69,14,,,,,155923247104
1783703758.4088912,docker,osemosys-db-1,0.0,0.0,46210744,16739635036,0.28,7,,,,,155923247104
1783703758.4088912,docker,osemosys-redis-1,0.28,0.0028000000000000004,9609150,16739635036,0.06,6,,,,,155923247104
1783703760.4007869,docker,osemosys-api-1,99.27,0.9926999999999999,282905804,16739635036,1.69,14,,,,,155922116608
1783703760.4007869,docker,osemosys-db-1,0.0,0.0,46210744,16739635036,0.28,7,,,,,155922116608
1783703760.4007869,docker,osemosys-redis-1,0.26,0.0026,9609150,16739635036,0.06,6,,,,,155922116608
1783703762.3876765,docker,osemosys-api-1,98.64,0.9864,283639808,16739635036,1.7,14,,,,,155917742080
1783703762.3876765,docker,osemosys-db-1,2.78,0.0278,46189772,16739635036,0.28,7,,,,,155917742080
1783703762.3876765,docker,osemosys-redis-1,0.25,0.0025,9613344,16739635036,0.06,6,,,,,155917742080
1783703764.3807535,docker,osemosys-api-1,99.03,0.9903,284793241,16739635036,1.7,14,,,,,155917381632
1783703764.3807535,docker,osemosys-db-1,0.0,0.0,46179287,16739635036,0.28,7,,,,,155917381632
1783703764.3807535,docker,osemosys-redis-1,0.34,0.0034000000000000002,9609150,16739635036,0.06,6,,,,,155917381632
1783703766.3739965,docker,osemosys-api-1,98.65,0.9865,284793241,16739635036,1.7,14,,,,,155915685888
1783703766.3739965,docker,osemosys-db-1,0.0,0.0,46179287,16739635036,0.28,7,,,,,155915685888
1783703766.3739965,docker,osemosys-redis-1,0.32,0.0032,9478078,16739635036,0.06,6,,,,,155915685888
1783703768.3782022,docker,osemosys-api-1,97.56,0.9756,285841817,16739635036,1.71,14,,,,,155915685888
1783703768.3782022,docker,osemosys-db-1,0.0,0.0,46305116,16739635036,0.28,7,,,,,155915685888
1783703768.3782022,docker,osemosys-redis-1,0.28,0.0028000000000000004,9634316,16739635036,0.06,6,,,,,155915685888
1783703770.3466933,docker,osemosys-api-1,98.04,0.9804,286470963,16739635036,1.71,14,,,,,155914244096
1783703770.3466933,docker,osemosys-db-1,0.0,0.0,46305116,16739635036,0.28,7,,,,,155914244096
1783703770.3466933,docker,osemosys-redis-1,0.25,0.0025,9634316,16739635036,0.06,6,,,,,155914244096
1783703772.332551,docker,osemosys-api-1,100.29,1.0029000000000001,290350694,16739635036,1.74,14,,,,,155914231808
1783703772.332551,docker,osemosys-db-1,2.85,0.0285,46640660,16739635036,0.28,7,,,,,155914231808
1783703772.332551,docker,osemosys-redis-1,0.27,0.0027,9634316,16739635036,0.06,6,,,,,155914231808
1783703774.3701952,docker,osemosys-api-1,101.43,1.0143,303038464,16739635036,1.81,14,,,,,155914428416
1783703774.3701952,docker,osemosys-db-1,0.0,0.0,46640660,16739635036,0.28,7,,,,,155914428416
1783703774.3701952,docker,osemosys-redis-1,0.26,0.0026,9630121,16739635036,0.06,6,,,,,155914428416
1783703776.4036736,docker,osemosys-api-1,99.64,0.9964,303562752,16739635036,1.81,14,,,,,155912663040
1783703776.4036736,docker,osemosys-db-1,0.0,0.0,46630174,16739635036,0.28,7,,,,,155912663040
1783703776.4036736,docker,osemosys-redis-1,0.26,0.0026,9630121,16739635036,0.06,6,,,,,155912663040
1783703778.4469442,docker,osemosys-api-1,123.15,1.2315,305240473,16739635036,1.82,14,,,,,155912663040
1783703778.4469442,docker,osemosys-db-1,0.0,0.0,46294630,16739635036,0.28,7,,,,,155912663040
1783703778.4469442,docker,osemosys-redis-1,0.27,0.0027,9634316,16739635036,0.06,6,,,,,155912663040
1783703780.4335244,docker,osemosys-api-1,98.77,0.9876999999999999,305659904,16739635036,1.83,14,,,,,155912663040
1783703780.4335244,docker,osemosys-db-1,0.0,0.0,46294630,16739635036,0.28,7,,,,,155912663040
1783703780.4335244,docker,osemosys-redis-1,0.27,0.0027,9630121,16739635036,0.06,6,,,,,155912663040
1783703782.4370606,docker,osemosys-api-1,97.17,0.9717,306289049,16739635036,1.83,14,,,,,155912663040
1783703782.4370606,docker,osemosys-db-1,2.94,0.0294,46651146,16739635036,0.28,7,,,,,155912663040
1783703782.4370606,docker,osemosys-redis-1,0.27,0.0027,9630121,16739635036,0.06,6,,,,,155912663040
1783703784.4346905,docker,osemosys-api-1,98.28,0.9828,306813337,16739635036,1.83,14,,,,,155912658944
1783703784.4346905,docker,osemosys-db-1,0.0,0.0,46651146,16739635036,0.28,7,,,,,155912658944
1783703784.4346905,docker,osemosys-redis-1,0.26,0.0026,9630121,16739635036,0.06,6,,,,,155912658944
1783703786.4312086,docker,osemosys-api-1,98.97,0.9897,307652198,16739635036,1.84,14,,,,,155912769536
1783703786.4312086,docker,osemosys-db-1,0.0,0.0,46357544,16739635036,0.28,7,,,,,155912769536
1783703786.4312086,docker,osemosys-redis-1,0.26,0.0026,9634316,16739635036,0.06,6,,,,,155912769536
1783703788.429616,docker,osemosys-api-1,98.68,0.9868000000000001,308386201,16739635036,1.84,14,,,,,155912634368
1783703788.429616,docker,osemosys-db-1,0.0,0.0,46326087,16739635036,0.28,7,,,,,155912634368
1783703788.429616,docker,osemosys-redis-1,0.26,0.0026,9764339,16739635036,0.06,6,,,,,155912634368
1783703790.41984,docker,osemosys-api-1,97.89,0.9789,308910489,16739635036,1.85,14,,,,,155908403200
1783703790.41984,docker,osemosys-db-1,0.0,0.0,46326087,16739635036,0.28,7,,,,,155908403200
1783703790.41984,docker,osemosys-redis-1,0.29,0.0029,9764339,16739635036,0.06,6,,,,,155908403200
1783703792.409341,docker,osemosys-api-1,97.59,0.9759,309959065,16739635036,1.85,14,,,,,155911131136
1783703792.409341,docker,osemosys-db-1,3.06,0.030600000000000002,46305116,16739635036,0.28,7,,,,,155911131136
1783703792.409341,docker,osemosys-redis-1,0.27,0.0027,9630121,16739635036,0.06,6,,,,,155911131136
1783703794.3973055,docker,osemosys-api-1,98.92,0.9892,310902784,16739635036,1.86,14,,,,,155911061504
1783703794.3973055,docker,osemosys-db-1,0.0,0.0,46305116,16739635036,0.28,7,,,,,155911061504
1783703794.3973055,docker,osemosys-redis-1,0.37,0.0037,9630121,16739635036,0.06,6,,,,,155911061504
1783703796.3904572,docker,osemosys-api-1,98.64,0.9864,311217356,16739635036,1.86,14,,,,,155911131136
1783703796.3904572,docker,osemosys-db-1,0.0,0.0,46305116,16739635036,0.28,7,,,,,155911131136
1783703796.3904572,docker,osemosys-redis-1,1.12,0.011200000000000002,11859394,16739635036,0.07,12,,,,,155911131136
1783703798.3801577,docker,osemosys-api-1,98.79,0.9879000000000001,311951360,16739635036,1.86,14,,,,,155910942720
1783703798.3801577,docker,osemosys-db-1,0.43,0.0043,46703575,16739635036,0.28,7,,,,,155910942720
1783703798.3801577,docker,osemosys-redis-1,0.24,0.0024,9637462,16739635036,0.06,6,,,,,155910942720
1783703800.3598568,docker,osemosys-api-1,101.15,1.0115,312580505,16739635036,1.87,14,,,,,155910160384
1783703800.3598568,docker,osemosys-db-1,0.0,0.0,46472888,16739635036,0.28,7,,,,,155910160384
1783703800.3598568,docker,osemosys-redis-1,0.27,0.0027,9641656,16739635036,0.06,6,,,,,155910160384
1783703802.3784826,docker,osemosys-api-1,100.51,1.0051,313314508,16739635036,1.87,14,,,,,155910086656
1783703802.3784826,docker,osemosys-db-1,3.09,0.030899999999999997,46787461,16739635036,0.28,7,,,,,155910086656
1783703802.3784826,docker,osemosys-redis-1,0.34,0.0034000000000000002,9641656,16739635036,0.06,6,,,,,155910086656
1783703804.4260805,docker,osemosys-api-1,100.72,1.0072,335649177,16739635036,2.01,14,,,,,155909439488
1783703804.4260805,docker,osemosys-db-1,0.0,0.0,46776975,16739635036,0.28,7,,,,,155909439488
1783703804.4260805,docker,osemosys-redis-1,0.28,0.0028000000000000004,9768534,16739635036,0.06,6,,,,,155909439488
1783703806.4588165,docker,osemosys-api-1,98.69,0.9869,279235788,16739635036,1.67,14,,,,,155909443584
1783703806.4588165,docker,osemosys-db-1,0.0,0.0,46504345,16739635036,0.28,7,,,,,155909443584
1783703806.4588165,docker,osemosys-redis-1,2.69,0.0269,10350493,16739635036,0.06,6,,,,,155909443584
1783703808.4754336,docker,osemosys-api-1,121.88,1.2187999999999999,278816358,16739635036,1.67,14,,,,,155909640192
1783703808.4754336,docker,osemosys-db-1,0.0,0.0,46483374,16739635036,0.28,7,,,,,155909640192
1783703808.4754336,docker,osemosys-redis-1,0.28,0.0028000000000000004,9637462,16739635036,0.06,6,,,,,155909640192
1783703810.481716,docker,osemosys-api-1,98.57,0.9856999999999999,277662924,16739635036,1.66,14,,,,,155909640192
1783703810.481716,docker,osemosys-db-1,0.0,0.0,46483374,16739635036,0.28,7,,,,,155909640192
1783703810.481716,docker,osemosys-redis-1,0.28,0.0028000000000000004,9637462,16739635036,0.06,6,,,,,155909640192
1783703812.482036,docker,osemosys-api-1,98.77,0.9876999999999999,277138636,16739635036,1.66,14,,,,,155909574656
1783703812.482036,docker,osemosys-db-1,3.69,0.0369,46944747,16739635036,0.28,7,,,,,155909574656
1783703812.482036,docker,osemosys-redis-1,0.27,0.0027,9637462,16739635036,0.06,6,,,,,155909574656
1783703814.4812138,docker,osemosys-api-1,98.7,0.987,277243494,16739635036,1.66,14,,,,,155909574656
1783703814.4812138,docker,osemosys-db-1,0.0,0.0,46735032,16739635036,0.28,7,,,,,155909574656
1783703814.4812138,docker,osemosys-redis-1,0.26,0.0026,9768534,16739635036,0.06,6,,,,,155909574656
1783703816.474362,docker,osemosys-api-1,97.31,0.9731000000000001,276299776,16739635036,1.65,14,,,,,155909574656
1783703816.474362,docker,osemosys-db-1,0.0,0.0,46525317,16739635036,0.28,7,,,,,155909574656
1783703816.474362,docker,osemosys-redis-1,2.93,0.029300000000000003,9937354,16739635036,0.06,6,,,,,155909574656
1783703818.46813,docker,osemosys-api-1,98.49,0.9849,326421708,16739635036,1.95,14,,,,,155909636096
1783703818.46813,docker,osemosys-db-1,0.42,0.0042,46514831,16739635036,0.28,7,,,,,155909636096
1783703818.46813,docker,osemosys-redis-1,0.26,0.0026,9654239,16739635036,0.06,6,,,,,155909636096
1783703820.46408,docker,osemosys-api-1,97.98,0.9798,278501785,16739635036,1.66,14,,,,,155909636096
1783703820.46408,docker,osemosys-db-1,0.0,0.0,46640660,16739635036,0.28,7,,,,,155909636096
1783703820.46408,docker,osemosys-redis-1,0.26,0.0026,9654239,16739635036,0.06,6,,,,,155909636096
1783703822.451757,docker,osemosys-api-1,97.68,0.9768000000000001,286051532,16739635036,1.71,14,,,,,155909636096
1783703822.451757,docker,osemosys-db-1,2.93,0.029300000000000003,46504345,16739635036,0.28,7,,,,,155909636096
1783703822.451757,docker,osemosys-redis-1,0.26,0.0026,9654239,16739635036,0.06,6,,,,,155909636096
1783703824.4388301,docker,osemosys-api-1,104.78,1.0478,298949017,16739635036,1.79,14,,,,,155909804032
1783703824.4388301,docker,osemosys-db-1,0.0,0.0,46514831,16739635036,0.28,7,,,,,155909804032
1783703824.4388301,docker,osemosys-redis-1,0.26,0.0026,9785311,16739635036,0.06,6,,,,,155909804032
1783703826.4229252,docker,osemosys-api-1,98.62,0.9862000000000001,313838796,16739635036,1.88,14,,,,,155909799936
1783703826.4229252,docker,osemosys-db-1,0.0,0.0,46514831,16739635036,0.28,7,,,,,155909799936
1783703826.4229252,docker,osemosys-redis-1,2.65,0.0265,9892265,16739635036,0.06,6,,,,,155909799936
1783703828.4160275,docker,osemosys-api-1,98.36,0.9836,371615334,16739635036,2.22,14,,,,,155909795840
1783703828.4160275,docker,osemosys-db-1,0.0,0.0,46525317,16739635036,0.28,7,,,,,155909795840
1783703828.4160275,docker,osemosys-redis-1,0.34,0.0034000000000000002,9654239,16739635036,0.06,6,,,,,155909795840
1783703830.4006932,docker,osemosys-api-1,100.27,1.0027,398563737,16739635036,2.38,14,,,,,155909795840
1783703830.4006932,docker,osemosys-db-1,0.0,0.0,46525317,16739635036,0.28,7,,,,,155909795840
1783703830.4006932,docker,osemosys-redis-1,0.26,0.0026,9654239,16739635036,0.06,6,,,,,155909795840
1783703832.4131768,docker,osemosys-api-1,100.54,1.0054,378640793,16739635036,2.26,14,,,,,155909795840
1783703832.4131768,docker,osemosys-db-1,2.92,0.0292,47091548,16739635036,0.28,7,,,,,155909795840
1783703832.4131768,docker,osemosys-redis-1,0.25,0.0025,9658433,16739635036,0.06,6,,,,,155909795840
1783703834.451323,docker,osemosys-api-1,100.43,1.0043,392272281,16739635036,2.34,14,,,,,155909672960
1783703834.451323,docker,osemosys-db-1,0.0,0.0,46955233,16739635036,0.28,7,,,,,155909672960
1783703834.451323,docker,osemosys-redis-1,0.27,0.0027,9654239,16739635036,0.06,6,,,,,155909672960
1783703836.4771006,docker,osemosys-api-1,100.2,1.002,552914124,16739635036,3.3,14,,,,,155909525504
1783703836.4771006,docker,osemosys-db-1,0.0,0.0,46577745,16739635036,0.28,7,,,,,155909525504
1783703836.4771006,docker,osemosys-redis-1,2.76,0.0276,10129244,16739635036,0.06,6,,,,,155909525504
1783703838.506176,docker,osemosys-api-1,98.85,0.9884999999999999,645083955,16739635036,3.85,20,,,,,155909410816
1783703838.506176,docker,osemosys-db-1,0.0,0.0,46525317,16739635036,0.28,7,,,,,155909410816
1783703838.506176,docker,osemosys-redis-1,0.25,0.0025,9678356,16739635036,0.06,6,,,,,155909410816
1783703840.5007381,docker,osemosys-api-1,98.98,0.9898,723936870,16739635036,4.33,14,,,,,155909394432
1783703840.5007381,docker,osemosys-db-1,0.0,0.0,46525317,16739635036,0.28,7,,,,,155909394432
1783703840.5007381,docker,osemosys-redis-1,0.26,0.0026,9678356,16739635036,0.06,6,,,,,155909394432
1783703842.5033975,docker,osemosys-api-1,97.81,0.9781,792094310,16739635036,4.73,14,,,,,155909394432
1783703842.5033975,docker,osemosys-db-1,2.92,0.0292,47123005,16739635036,0.28,7,,,,,155909394432
1783703842.5033975,docker,osemosys-redis-1,0.25,0.0025,9678356,16739635036,0.06,6,,,,,155909394432
1783703844.49883,docker,osemosys-api-1,97.89,0.9789,935854080,16739635036,5.59,14,,,,,155909390336
1783703844.49883,docker,osemosys-db-1,0.0,0.0,47112519,16739635036,0.28,7,,,,,155909390336
1783703844.49883,docker,osemosys-redis-1,0.25,0.0025,9678356,16739635036,0.06,6,,,,,155909390336
1783703846.4914079,docker,osemosys-api-1,98.02,0.9802,974336819,16739635036,5.82,14,,,,,155909390336
1783703846.4914079,docker,osemosys-db-1,0.0,0.0,46556774,16739635036,0.28,7,,,,,155909390336
1783703846.4914079,docker,osemosys-redis-1,2.88,0.0288,9802088,16739635036,0.06,6,,,,,155909390336
1783703848.4863,docker,osemosys-api-1,99.32,0.9932,995727769,16739635036,5.95,14,,,,,155909390336
1783703848.4863,docker,osemosys-db-1,0.0,0.0,46546288,16739635036,0.28,7,,,,,155909390336
1783703848.4863,docker,osemosys-redis-1,0.28,0.0028000000000000004,9678356,16739635036,0.06,6,,,,,155909390336
1783703850.4731767,docker,osemosys-api-1,98.33,0.9833,1014602137,16739635036,6.06,14,,,,,155909390336
1783703850.4731767,docker,osemosys-db-1,0.0,0.0,48611983,16739635036,0.29,8,,,,,155909390336
1783703850.4731767,docker,osemosys-redis-1,0.23,0.0023,9937354,16739635036,0.06,6,,,,,155909390336
1783703852.458862,docker,osemosys-api-1,97.8,0.978,1035573657,16739635036,6.19,14,,,,,155909455872
1783703852.458862,docker,osemosys-db-1,3.27,0.0327,48591011,16739635036,0.29,8,,,,,155909455872
1783703852.458862,docker,osemosys-redis-1,0.25,0.0025,9675210,16739635036,0.06,6,,,,,155909455872
1783703854.4437683,docker,osemosys-api-1,121.62,1.2162,1083405500,16739635036,6.47,14,,,,,155909390336
1783703854.4437683,docker,osemosys-db-1,0.0,0.0,48538583,16739635036,0.29,8,,,,,155909390336
1783703854.4437683,docker,osemosys-redis-1,0.25,0.0025,9675210,16739635036,0.06,6,,,,,155909390336
1783703856.4332013,docker,osemosys-api-1,97.95,0.9795,1109175304,16739635036,6.63,14,,,,,155909324800
1783703856.4332013,docker,osemosys-db-1,0.0,0.0,48517611,16739635036,0.29,8,,,,,155909324800
1783703856.4332013,docker,osemosys-redis-1,2.7,0.027000000000000003,10010755,16739635036,0.06,6,,,,,155909324800
1783703858.4273598,docker,osemosys-api-1,98.85,0.9884999999999999,1156419944,16739635036,6.91,14,,,,,155909324800
1783703858.4273598,docker,osemosys-db-1,0.45,0.0045000000000000005,48884613,16739635036,0.29,8,,,,,155909324800
1783703858.4273598,docker,osemosys-redis-1,0.25,0.0025,9675210,16739635036,0.06,6,,,,,155909324800
1783703860.4104435,docker,osemosys-api-1,101.43,1.0143,1177894780,16739635036,7.04,14,,,,,155909324800
1783703860.4104435,docker,osemosys-db-1,0.0,0.0,48779755,16739635036,0.29,8,,,,,155909324800
1783703860.4104435,docker,osemosys-redis-1,0.27,0.0027,9675210,16739635036,0.06,6,,,,,155909324800
1783703862.4244595,docker,osemosys-api-1,100.07,1.0007,1319628701,16739635036,7.89,14,,,,,155909255168
1783703862.4244595,docker,osemosys-db-1,3.1,0.031,49209671,16739635036,0.29,8,,,,,155909255168
1783703862.4244595,docker,osemosys-redis-1,0.26,0.0026,9678356,16739635036,0.06,6,,,,,155909255168
1783703864.4606225,docker,osemosys-api-1,99.87,0.9987,1340029796,16739635036,8.01,14,,,,,155909255168
1783703864.4606225,docker,osemosys-db-1,0.0,0.0,49209671,16739635036,0.29,8,,,,,155909255168
1783703864.4606225,docker,osemosys-redis-1,0.26,0.0026,9675210,16739635036,0.06,6,,,,,155909255168
1783703866.4841948,docker,osemosys-api-1,96.47,0.9647,1357209665,16739635036,8.11,14,,,,,155909255168
1783703866.4841948,docker,osemosys-db-1,0.0,0.0,48664412,16739635036,0.29,8,,,,,155909255168
1783703866.4841948,docker,osemosys-redis-1,2.77,0.0277,10178527,16739635036,0.06,6,,,,,155909255168
1783703868.5012648,docker,osemosys-api-1,98.4,0.9840000000000001,1384053211,16739635036,8.27,14,,,,,155909255168
1783703868.5012648,docker,osemosys-db-1,0.0,0.0,48643440,16739635036,0.29,8,,,,,155909255168
1783703868.5012648,docker,osemosys-redis-1,0.28,0.0028000000000000004,9678356,16739635036,0.06,6,,,,,155909255168
1783703870.5084877,docker,osemosys-api-1,100.03,1.0003,1404454305,16739635036,8.39,14,,,,,155908341760
1783703870.5084877,docker,osemosys-db-1,0.0,0.0,48643440,16739635036,0.29,8,,,,,155908341760
1783703870.5084877,docker,osemosys-redis-1,0.27,0.0027,9675210,16739635036,0.06,6,,,,,155908341760
1783703872.5095568,docker,osemosys-api-1,98.27,0.9826999999999999,1420560433,16739635036,8.49,14,,,,,155908411392
1783703872.5095568,docker,osemosys-db-1,2.83,0.028300000000000002,49314529,16739635036,0.29,8,,,,,155908411392
1783703872.5095568,docker,osemosys-redis-1,0.25,0.0025,9678356,16739635036,0.06,6,,,,,155908411392
1783703874.5062742,docker,osemosys-api-1,99.35,0.9934999999999999,1433445335,16739635036,8.56,14,,,,,155910909952
1783703874.5062742,docker,osemosys-db-1,0.0,0.0,49220157,16739635036,0.29,8,,,,,155910909952
1783703874.5062742,docker,osemosys-redis-1,0.25,0.0025,9675210,16739635036,0.06,6,,,,,155910909952
1783703876.4997487,docker,osemosys-api-1,93.08,0.9308,1465657589,16739635036,8.76,14,,,,,155911507968
1783703876.4997487,docker,osemosys-db-1,0.0,0.0,48800727,16739635036,0.29,8,,,,,155911507968
1783703876.4997487,docker,osemosys-redis-1,2.67,0.026699999999999998,10146021,16739635036,0.06,6,,,,,155911507968
1783703878.5035594,docker,osemosys-api-1,98.74,0.9873999999999999,2164663517,16739635036,12.94,14,,,,,155911503872
1783703878.5035594,docker,osemosys-db-1,0.44,0.0044,48748298,16739635036,0.29,8,,,,,155911503872
1783703878.5035594,docker,osemosys-redis-1,0.27,0.0027,9682550,16739635036,0.06,6,,,,,155911503872
1783703880.481354,docker,osemosys-api-1,99.41,0.9941,2342904659,16739635036,14.0,14,,,,,155911495680
1783703880.481354,docker,osemosys-db-1,0.0,0.0,48748298,16739635036,0.29,8,,,,,155911495680
1783703880.481354,docker,osemosys-redis-1,0.27,0.0027,9682550,16739635036,0.06,6,,,,,155911495680
1783703882.4742486,docker,osemosys-api-1,98.76,0.9876,2669322174,16739635036,15.95,15,,,,,155911495680
1783703882.4742486,docker,osemosys-db-1,2.99,0.029900000000000003,48706355,16739635036,0.29,8,,,,,155911495680
1783703882.4742486,docker,osemosys-redis-1,0.27,0.0027,9682550,16739635036,0.06,6,,,,,155911495680
1783703884.4615874,docker,osemosys-api-1,122.16,1.2216,2612413857,16739635036,15.61,15,,,,,155911610368
1783703884.4615874,docker,osemosys-db-1,0.0,0.0,48664412,16739635036,0.29,8,,,,,155911610368
1783703884.4615874,docker,osemosys-redis-1,0.27,0.0027,9686745,16739635036,0.06,6,,,,,155911610368
1783703886.4496284,docker,osemosys-api-1,97.5,0.975,2612413857,16739635036,15.61,15,,,,,155910942720
1783703886.4496284,docker,osemosys-db-1,0.0,0.0,48653926,16739635036,0.29,8,,,,,155910942720
1783703886.4496284,docker,osemosys-redis-1,2.54,0.0254,10182721,16739635036,0.06,6,,,,,155910942720
1783703888.450885,docker,osemosys-api-1,99.1,0.991,2612413857,16739635036,15.61,15,,,,,155910942720
1783703888.450885,docker,osemosys-db-1,0.01,0.0001,48685383,16739635036,0.29,8,,,,,155910942720
1783703888.450885,docker,osemosys-redis-1,0.26,0.0026,9682550,16739635036,0.06,6,,,,,155910942720
1783703890.4216459,docker,osemosys-api-1,101.88,1.0188,2612413857,16739635036,15.61,15,,,,,155910938624
1783703890.4216459,docker,osemosys-db-1,0.0,0.0,48685383,16739635036,0.29,8,,,,,155910938624
1783703890.4216459,docker,osemosys-redis-1,0.27,0.0027,9682550,16739635036,0.06,6,,,,,155910938624
1783703892.4329884,docker,osemosys-api-1,100.07,1.0007,3350074490,16739635036,20.02,15,,,,,155910938624
1783703892.4329884,docker,osemosys-db-1,3.04,0.0304,49262100,16739635036,0.29,8,,,,,155910938624
1783703892.4329884,docker,osemosys-redis-1,0.27,0.0027,9686745,16739635036,0.06,6,,,,,155910938624
1783703894.4691198,docker,osemosys-api-1,100.87,1.0087000000000002,3638911041,16739635036,21.74,15,,,,,155910938624
1783703894.4691198,docker,osemosys-db-1,0.0,0.0,49188700,16739635036,0.29,8,,,,,155910938624
1783703894.4691198,docker,osemosys-redis-1,0.28,0.0028000000000000004,9682550,16739635036,0.06,6,,,,,155910938624
1783703896.5011532,docker,osemosys-api-1,99.91,0.9991,3643206008,16739635036,21.77,15,,,,,155910864896
1783703896.5011532,docker,osemosys-db-1,0.0,0.0,49031413,16739635036,0.29,8,,,,,155910864896
1783703896.5011532,docker,osemosys-redis-1,2.71,0.0271,9867100,16739635036,0.06,6,,,,,155910864896
1783703898.5199137,docker,osemosys-api-1,98.9,0.9890000000000001,3643206008,16739635036,21.77,15,,,,,155910463488
1783703898.5199137,docker,osemosys-db-1,0.0,0.0,48664412,16739635036,0.29,8,,,,,155910463488
1783703898.5199137,docker,osemosys-redis-1,0.28,0.0028000000000000004,9682550,16739635036,0.06,6,,,,,155910463488
1783703900.5223348,docker,osemosys-api-1,99.29,0.9929000000000001,3644279750,16739635036,21.77,15,,,,,155910414336
1783703900.5223348,docker,osemosys-db-1,0.0,0.0,48664412,16739635036,0.29,8,,,,,155910414336
1783703900.5223348,docker,osemosys-redis-1,0.26,0.0026,9686745,16739635036,0.06,6,,,,,155910414336
1783703902.5245106,docker,osemosys-api-1,97.32,0.9732,2436320198,16739635036,14.56,15,,,,,155910639616
1783703902.5245106,docker,osemosys-db-1,2.77,0.0277,49052385,16739635036,0.29,8,,,,,155910639616
1783703902.5245106,docker,osemosys-redis-1,0.26,0.0026,9682550,16739635036,0.06,6,,,,,155910639616
1783703904.5209112,docker,osemosys-api-1,99.2,0.992,2033667014,16739635036,12.15,15,,,,,155910017024
1783703904.5209112,docker,osemosys-db-1,0.0,0.0,48779755,16739635036,0.29,8,,,,,155910017024
1783703904.5209112,docker,osemosys-redis-1,0.28,0.0028000000000000004,9682550,16739635036,0.06,6,,,,,155910017024
